book_title,rating,num_ratings,num_reviews,score,rating_id
The Roommate,3.9,7757,610,14560,0
"The Knife of Never Letting Go (Chaos Walking, #1)",3.97,197877,21196,15768,1
Man’s Search for Meaning,4.37,762458,42196,68249,2
"The Lightning Thief (Percy Jackson and the Olympians, #1)",4.31,3166598,108831,1118664,3
"Little House in the Big Woods (Little House, #1)",4.21,275012,8238,17399,4
Franny and Zooey,3.96,228325,11425,37741,5
The Art of Racing in the Rain,4.23,532237,45094,38100,6
"I Am Number Four (Lorien Legacies, #1)",3.93,345688,17131,16436,7
Divine Secrets of the Ya-Ya Sisterhood,3.86,561562,4889,21985,8
Charlotte’s Web,4.2,1906633,24912,795765,9
"City of Bones (The Mortal Instruments, #1)",4.07,2054455,77961,843049,10
"The da Vinci Code (Robert Langdon, #2)",3.92,2407498,56303,995769,11
"To All the Boys I've Loved Before (To All the Boys I've Loved Before, #1)",4.04,949209,51343,14639,12
"A Dog's Purpose (A Dog's Purpose, #1)",4.35,135448,14867,15161,13
Big Little Lies,4.31,1043029,56547,16583,14
"Uglies (Uglies, #1)",3.85,682939,28048,59630,15
The Name of the Rose,4.14,374687,13781,146934,16
"Empire of Storms (Throne of Glass, #5)",4.63,855191,70164,17645,17
"Lover Eternal (Black Dagger Brotherhood, #2)",4.32,195908,7833,14638,18
A Brief History of Time,4.21,447102,13037,14890,19
"The Amulet of Samarkand (Bartimaeus, #1)",4.03,130909,6068,9069,20
Howl and Other Poems,4.13,114212,3054,11714,21
Slaughterhouse-Five,4.1,1401842,42598,516422,22
One Day in the Life of Ivan Denisovich,3.98,117960,6379,14712,23
Revolutionary Road,3.93,90084,7782,9436,24
"Being a Witch, and Other Things I Didn't Ask For",4.3,16542,107,11546,25
"The Wicked King (The Folk of the Air, #2)",4.29,874095,81856,18509,26
The Time Machine,3.89,534213,17221,47844,27
One Flew Over the Cuckoo’s Nest,4.2,748082,17052,384178,28
Grimm's Fairy Tales,4.24,213871,5703,13180,29
"Gone (Gone, #1)",3.87,204815,12519,13266,30
"Speaker for the Dead (Ender's Saga, #2)",4.1,260996,9375,16070,31
"Angels & Demons (Robert Langdon, #1)",3.94,3261612,34867,22109,32
Mansfield Park,3.86,359237,15748,33031,33
Middlesex,4.04,648228,26965,161099,34
Ask for Andrea,4.1,126236,10942,15016,35
The Call of the Wild,3.91,443830,16371,92197,36
A Little Life,4.32,734141,119638,34625,37
"The Two Towers (The Lord of the Rings, #2)",4.49,1018361,21505,20093,38
"The Gunslinger (The Dark Tower, #1)",3.92,628800,26097,37435,39
Gone Girl,4.14,3210822,159926,82321,40
"The Titan’s Curse (Percy Jackson and the Olympians, #3)",4.37,1115479,42987,114832,41
The Elegance of the Hedgehog,3.8,189867,21675,11726,42
"Oryx and Crake (MaddAddam, #1)",4.01,274117,17260,13824,43
"Hunted (House of Night, #5)",3.93,186166,3913,15264,44
Demian,4.14,119559,8619,16322,45
Jonathan Strange & Mr Norrell,3.86,242241,19216,26338,46
Madame Bovary,3.7,346972,17566,88874,47
The Idiot,4.21,192956,9736,52956,48
The Silent Patient,4.18,2546966,222971,17432,49
"The Sparrow (The Sparrow, #1)",4.14,77870,9359,9045,50
The Sea of Tranquility,4.29,87410,10501,9862,51
Taming Flame,4.3,17198,60,17183,52
No Exit,4.0,176474,22260,16362,53
The Left Hand of Darkness,4.1,194188,17165,18760,54
Dear John,4.04,605915,13022,30480,55
"Dark Lover (Black Dagger Brotherhood, #1)",4.16,342202,16069,33083,56
The Hunchback of Notre-Dame,4.02,206538,7943,32915,57
"The Lost Hero (The Heroes of Olympus, #1)",4.3,881607,36009,78144,58
Animal Farm,3.99,4069089,104849,1593366,59
Ugly Love,4.03,2026493,135424,19825,60
"The Awakening (Darkest Powers, #2)",4.14,116503,3523,9344,61
Nine Stories,4.18,150291,6159,16691,62
"Shadow and Bone (The Shadow and Bone Trilogy, #1)",3.93,1002796,88264,18912,63
The Scarlet Pimpernel,4.07,137569,8034,26376,64
Julius Caesar,3.7,209424,7166,15931,65
"Untamed (House of Night, #4)",3.94,239577,4131,21424,66
1984,4.19,4849444,126468,21511,67
"Crooked Kingdom (Six of Crows, #2)",4.59,685712,76664,58504,68
The Help,4.47,2852848,91791,823985,69
"Burned (House of Night, #7)",3.97,161001,3504,8925,70
Choke,3.71,214479,7534,10152,71
"Simon vs. the Homo Sapiens Agenda (Simonverse, #1)",4.15,449111,38399,13430,72
A Man Called Ove,4.38,1091460,115227,16000,73
"The Iron King (The Iron Fey, #1)",3.88,215194,13615,19036,74
Me Talk Pretty One Day,4.01,706707,20470,21537,75
’Salem’s Lot,4.1,603505,22976,44702,76
The Complete Works,4.48,57258,1112,47632,77
"Mort (Discworld, #4; Death, #1)",4.24,255133,8941,10469,78
"Love Story (Love Story, #1)",3.65,62121,3704,11569,79
"Alanna: The First Adventure (Song of the Lioness, #1)",4.27,133046,6317,12931,80
"The Hate U Give (The Hate U Give, #1)",4.47,939867,77140,25669,81
Island of the Blue Dolphins,3.87,338899,10321,54089,82
"The Color of Magic (Discworld, #1; Rincewind, #1)",4.0,398879,15092,11278,83
"Caraval (Caraval, #1)",3.98,635904,82729,14018,84
The Secret Magdalene,4.15,4647,508,65329,85
The Great Gatsby,3.93,5436377,112567,1045653,86
Hello Beautiful,4.15,399887,37588,9566,87
Battle Royale,4.26,79126,8543,13733,88
House of Sand and Fog,3.86,134258,4765,12610,89
"Princess Academy (Princess Academy, #1)",4.04,118764,9495,11408,90
"Odd Thomas (Odd Thomas, #1)",3.99,271718,8645,12187,91
"Ishmael (Ishmael, #1)",4.01,99852,6765,16644,92
All the Bright Places,4.12,588962,52793,29307,93
Cloud Atlas,4.01,255201,22514,33101,94
"The Cruel Prince (The Folk of the Air, #1)",4.03,1407687,127668,45230,95
East of Eden,4.42,564006,32567,46419,96
The Catcher in the Rye,3.8,3640561,90261,757261,97
To Kill a Mockingbird,4.26,6371850,122063,329198,98
The Diary of a Young Girl,4.19,3873466,43612,89474,99
Go Ask Alice,3.74,281062,13750,33624,100
"Angelfall (Penryn & the End of Days, #1)",4.11,193866,17719,17246,101
"The Fellowship of the Ring (The Lord of the Rings, #1)",4.39,2885283,43743,419895,102
"Mary Poppins (Mary Poppins, #1)",4.01,136032,7114,10508,103
A Connecticut Yankee in King Arthur's Court,3.77,105018,4091,8969,104
"The Elite (The Selection, #2)",3.94,808422,47762,20681,105
Extremely Loud & Incredibly Close,3.97,426693,26282,70286,106
The Green Mile,4.48,334031,13893,74432,107
"The Notebook (The Notebook, #1)",4.15,1744022,26756,258851,108
The Love Hypothesis,4.13,1527314,161885,15841,109
"Du côté de chez Swann (À la recherche du temps perdu, #1)",4.15,63191,5814,16756,110
"The Inheritance Games (The Inheritance Games, #1)",4.15,846208,93484,21971,111
"The One (The Selection, #3)",4.15,720225,46501,28128,112
The Five People You Meet in Heaven,4.0,744210,30421,133868,113
Heart of Darkness,3.43,526776,21746,95780,114
The Corrections,3.84,188006,11859,10885,115
Digital Fortress,3.7,646120,11288,11409,116
"Night Watch (Discworld, #29; City Watch, #6)",4.5,113462,3269,13039,117
The Bluest Eye,4.12,267315,18952,14170,118
Sense and Sensibility,4.09,1228279,29527,19908,119
White Fang,4.02,195110,6649,36895,120
The Wind in the Willows,4.02,226679,9763,64157,121
"Harry Potter and the Order of the Phoenix (Harry Potter, #5)",4.5,3515054,68126,3163643,122
A Room of One’s Own,4.21,223616,19640,9254,123
"They Both Die at the End (Death-Cast, #1)",3.76,791813,92066,16719,124
The Invisible Life of Addie LaRue,4.18,1203583,154237,25672,125
"The Godfather (The Godfather, #1)",4.39,434764,13592,143450,126
White Oleander,4.0,358483,9571,50865,127
Twenty Years Later,4.21,128505,9098,11651,128
It Ends with Us (It Ends with Us #1),4.14,3934180,283557,35413,129
The Awakening,3.68,214803,11663,42078,130
"A Court of Thorns and Roses (A Court of Thorns and Roses, #1)",4.18,3166456,248330,46002,131
"Shōgun (Asian Saga, #1)",4.41,193966,7296,73122,132
The Forgotten Garden,4.15,228074,21163,10031,133
"2001: A Space Odyssey (Space Odyssey, #1)",4.17,321321,9077,18858,134
A Christmas Carol,4.08,854999,32596,22578,135
"The Raven Boys (The Raven Cycle, #1)",4.05,380901,43982,25680,136
Breakfast of Champions,4.07,266983,10357,28466,137
The BFG,4.23,497124,12807,32155,138
"Spirit Bound (Vampire Academy, #5)",4.32,299810,10365,62990,139
"The Maze Runner (The Maze Runner, #1)",4.05,1577974,67437,106014,140
The Little Prince,4.33,2206989,72927,1065703,141
Nineteen Minutes,4.17,384848,20254,24249,142
"The Killer Angels (The Civil War Trilogy, #2)",4.33,88096,5696,13397,143
Macbeth,3.89,935496,22386,18869,144
Midnight’s Children,3.98,127261,8729,30160,145
The Phantom of the Opera,3.96,254077,12325,64568,146
"Anne of Green Gables (Anne of Green Gables, #1)",4.32,1022465,41919,898586,147
Geek Love,3.95,69480,7396,12163,148
Cyrano de Bergerac,4.06,86148,3181,16096,149
"The Darkest Minds (The Darkest Minds, #1)",4.16,197700,19605,17157,150
Pride and Prejudice,4.29,4404628,123700,2787782,151
Crime and Punishment,4.27,951749,40932,983918,152
"Fablehaven (Fablehaven, #1)",4.13,169758,12807,11097,153
The Memory Keeper's Daughter,3.7,604878,20878,13748,154
"Ready Player One (Ready Player One, #1)",4.23,1213796,105158,48949,155
The Boy in the Striped Pajamas,4.16,872418,38820,83218,156
"The Vampire Lestat (The Vampire Chronicles, #2)",4.1,206684,5978,51934,157
A Flicker in the Dark,3.99,471648,41515,13726,158
"Bloodlines (Bloodlines, #1)",4.2,188021,9037,19072,159
"Voyager (Outlander, #3)",4.39,316720,13230,21918,160
"A Court of Mist and Fury (A Court of Thorns and Roses, #2)",4.65,2408920,203875,99011,161
"Insurgent (Divergent, #2)",3.97,1543986,64544,114483,162
"Beautiful Disaster (Beautiful, #1)",4.0,696629,34951,50695,163
"A Child Called ""It"" (Dave Pelzer, #1)",4.13,443844,19014,34355,164
"Chocolat (Chocolat, #1)",3.96,127640,5346,17400,165
The Power of Myth,4.26,52099,2456,11053,166
"Better than the Movies (Better than the Movies, #1)",4.28,491928,80595,11931,167
House of Leaves,4.09,179716,18788,14943,168
"The Talisman (The Talisman, #1)",4.11,133694,5202,15730,169
"Shatter Me (Shatter Me, #1)",3.85,1000273,99325,49700,170
"Howl’s Moving Castle (Howl’s Moving Castle, #1)",4.29,387982,33323,69664,171
Into Thin Air: A Personal Account of the Mt. Everest Disaster,4.25,524152,20083,17956,172
The Lost Artefacts - The Complete Collection,4.6,201,11,10492,173
Archer's Voice,4.2,548853,60474,12209,174
Bury My Heart at Wounded Knee: An Indian History of the American West,4.25,95663,5703,12319,175
Lady Chatterley’s Lover,3.5,129874,8348,16617,176
Cat’s Cradle,4.15,414382,16513,64441,177
Treasure Island,3.85,508982,17496,87421,178
"Throne of Glass (Throne of Glass, #1)",4.18,1804337,125615,104108,179
"Eragon (The Inheritance Cycle, #1)",3.95,1832359,29766,163738,180
"Absalom, Absalom!",3.98,45583,2977,9406,181
Walk Two Moons,3.99,169902,8307,11218,182
"Souls Unfractured (Hades Hangmen, #3)",4.41,27752,3069,12055,183
The Age of Innocence,3.97,181192,11141,23166,184
"The Eye of the World (The Wheel of Time, #1)",4.19,549151,24127,35858,185
Black Beauty,3.99,285740,7122,39431,186
The Fault in Our Stars,4.13,5333943,182225,1356508,187
"One of Us Is Lying (One of Us is Lying, #1)",3.93,923653,73661,12298,188
"Corrupt (Devil's Night, #1)",3.8,320691,31952,13652,189
"Trainspotting (Mark Renton, #2)",4.11,170835,4307,16847,190
Far From the Madding Crowd,3.96,157662,8738,18327,191
Carrie,3.99,764489,28050,27932,192
The Divine Comedy,4.08,158920,6647,132176,193
It,4.24,1163497,38188,318747,194
"Fifty Shades Freed (Fifty Shades, #3)",3.83,878723,28035,35016,195
Where the Heart Is,4.04,250429,4352,9026,196
Deception Point,3.76,679985,11348,9001,197
"A Wrinkle in Time (Time Quintet, #1)",3.98,1229196,40687,628785,198
"Guards! Guards! (Discworld, #8; City Watch, #1)",4.34,217914,7931,14916,199
"World Without End (Kingsbridge, #2)",4.31,259043,13790,15899,200
The Truth About Forever,4.12,224534,9092,16844,201
Northanger Abbey,3.85,416693,22775,25319,202
Doctor Zhivago,4.01,98655,4604,30487,203
"Watership Down (Watership Down, #1)",4.09,489274,18277,414570,204
Life of Pi,3.94,1668101,54675,543873,205
"The Girl Who Kicked the Hornet’s Nest (Millennium, #3)",4.24,749641,31931,52115,206
The Maltese Falcon,3.87,109936,6860,9475,207
Corelli’s Mandolin,4.02,88452,3591,12067,208
Home Before Dark,4.06,232982,29871,13636,209
Before I Go to Sleep,3.9,347356,25529,16990,210
"Red Queen (Red Queen, #1)",3.99,1067782,72378,30816,211
"Moby-Dick or, The Whale",3.55,579036,24255,229215,212
If on a Winter’s Night a Traveler,4.03,102240,9827,13320,213
Mythology,4.03,57143,3385,13957,214
Much Ado About Nothing,4.06,249366,6352,18481,215
A Streetcar Named Desire,3.98,322336,7918,28426,216
"All Creatures Great and Small (All Creatures Great and Small, #1-2)",4.35,150525,7492,49025,217
"Harry Potter and the Chamber of Secrets (Harry Potter, #2)",4.43,4111735,85103,191929,218
One Hundred Years of Solitude,4.12,1008204,49488,734272,219
"The Girl Who Played with Fire (Millennium, #2)",4.25,942489,37953,95572,220
"Perfect Chemistry (Perfect Chemistry, #1)",4.04,261413,11699,17945,221
Are You My Mother?,4.21,246800,2850,18019,222
"Definitely Dead (Sookie Stackhouse, #6)",4.01,207496,4498,8914,223
"Ender's Shadow (The Shadow Series, #1)",4.32,174864,5952,11465,224
"Death on the Nile (Hercule Poirot, #18)",4.12,275295,18934,12345,225
The Girl Who Was Taken,4.2,108074,7518,13922,226
Interpreter of Maladies,4.17,198153,14549,15340,227
The Last Lecture,4.26,352173,20194,17179,228
"Good Omens: The Nice and Accurate Prophecies of Agnes Nutter, Witch",4.26,780464,42638,128321,229
"The Monarch's Ring (The Lost Artefacts, #2)",4.51,443,26,9524,230
"Queen of Shadows (Throne of Glass, #4)",4.61,995776,73027,26656,231
"Heir of Fire (Throne of Glass, #3)",4.46,1117555,84328,33194,232
Roots: The Saga of an American Family,4.44,161371,4340,53804,233
"The Sea of Monsters (Percy Jackson and the Olympians, #2)",4.24,1241242,52604,110013,234
"Charlie and the Chocolate Factory (Charlie Bucket, #1)",4.16,875018,17270,159176,235
The Joy Luck Club,3.97,692394,13978,90573,236
Papillon,4.23,71879,2974,12739,237
"As Good As Dead (A Good Girl's Guide to Murder, #3)",4.2,432130,62364,10619,238
Different Seasons,4.35,210735,6690,49796,239
Bel Canto,3.93,296202,19929,34472,240
"The Sisterhood of the Traveling Pants (Sisterhood, #1)",3.84,716192,8897,12514,241
"The Family Upstairs (The Family Upstairs, #1)",3.96,470199,36456,10718,242
"City of Ashes (The Mortal Instruments, #2)",4.11,956697,37773,13776,243
"Eldest (The Inheritance Cycle, #2)",4.04,461743,12563,32939,244
Paradise Lost,3.85,170850,6213,47562,245
His Dark Materials (His Dark Materials #1-3),4.29,164131,5791,74678,246
"If I Stay (If I Stay, #1)",3.92,929830,42245,36396,247
The Sound and the Fury,3.86,186537,9833,55614,248
Goodnight Moon,4.31,381065,7331,102449,249
A Tale of Two Cities,3.87,969407,24499,536911,250
"Inkheart (Inkworld, #1)",3.92,431307,14863,52808,251
The Glass Castle,4.32,1263526,66137,14884,252
The Woman in the Window,3.95,819210,62153,13155,253
The Amazing Adventures of Kavalier & Clay,4.18,206214,12512,31433,254
Mrs. Dalloway,3.79,320882,20219,42765,255
Fight Club,4.18,609850,23552,137486,256
"The Queen of Nothing (The Folk of the Air, #3)",4.35,786996,76835,18077,257
"The City of Ember (Book of Ember, #1)",3.89,288131,13475,9354,258
The Portrait of a Lady,3.79,82508,4057,10318,259
"Red Rising (Red Rising Saga, #1)",4.27,519293,53970,14100,260
"The Scorch Trials (The Maze Runner, #2)",3.9,602510,31427,15055,261
"Acheron (Dark-Hunter, #14)",4.56,60568,3943,16303,262
Those Empty Eyes,4.18,46303,3728,20136,263
Snow Falling on Cedars,3.86,189707,6119,21367,264
"The Magician’s Nephew (Chronicles of Narnia, #6)",4.05,561584,22379,38368,265
Paper Towns,3.71,1410712,57055,53932,266
Where the Red Fern Grows,4.12,418001,14568,143163,267
"The Chosen (Reuven Malther, #1)",4.07,94824,5141,24680,268
"Inheritance (The Inheritance Cycle, #4)",4.15,288877,12550,14695,269
"The Fiery Cross (Outlander, #5)",4.26,216619,9027,13107,270
"The Hound of the Baskervilles (Sherlock Holmes, #5)",4.13,359395,13167,42275,271
American Gods,4.11,958503,48781,137337,272
A Cursed Son,4.04,2289,469,9033,273
The Twilight Collection,3.81,46812,1165,21970,274
A Light in the Attic,4.36,457635,3525,64146,275
The Chain Between Worlds (The Lost Artefacts #1),4.46,1391,83,75711,276
"Unravel Me (Shatter Me, #2)",4.12,619154,57744,19427,277
She’s Come Undone,3.91,351576,11546,57541,278
"The House of Hades (The Heroes of Olympus, #4)",4.57,440477,24424,34798,279
"Lover Avenged (Black Dagger Brotherhood, #7)",4.36,117220,4404,10636,280
"Reflected in You (Crossfire, #2)",4.3,357235,11602,9037,281
"The Alienist (Dr. Laszlo Kreizler, #1)",4.06,176417,8810,11831,282
The Sirens of Titan,4.15,147008,7473,12358,283
"Pretties (Uglies, #2)",3.84,269425,11799,12817,284
"Viciously Yours (Fae Kings of Eden, #1)",3.62,28468,3407,13958,285
The Club,3.29,113379,8590,15163,286
Snow Crash,4.02,286557,12738,18764,287
"Mockingjay (The Hunger Games, #3)",4.1,3361829,134783,63148,288
Tuck Everlasting,3.9,281338,12329,35195,289
Ficciones,4.41,70998,4631,11091,290
Peace Like a River,4.02,94872,9706,14067,291
The Arabian Nights,4.03,78557,2456,15959,292
"The Bad Beginning (A Series of Unfortunate Events, #1)",4.01,538857,23104,21025,293
The Curious Incident of the Dog in the Night-Time,3.89,1518306,57631,154407,294
Tuesdays with Morrie,4.18,1075977,43427,151377,295
Shakespeare's Sonnets,4.25,107220,1995,9188,296
"One for the Money (Stephanie Plum, #1)",4.05,561198,17657,12992,297
"Betrayed (House of Night, #2)",3.92,271807,6343,21928,298
"Things Fall Apart (The African Trilogy, #1)",3.74,385359,20903,39434,299
"Little House on the Prairie (Little House, #3)",4.21,294753,5820,17716,300
Ulysses,3.76,131210,9920,84743,301
The Lorax,4.35,351876,5182,103356,302
Cosmos,4.4,150220,4694,12419,303
"One Foot in the Grave (Night Huntress, #2)",4.28,106370,4259,8793,304
"A Wizard of Earthsea (Earthsea Cycle, #1)",4.01,331106,17142,15556,305
A Separate Peace,3.6,224063,9998,32602,306
Siddhartha,4.07,802642,29075,311453,307
"The Mysterious Benedict Society (The Mysterious Benedict Society, #1)",4.2,166292,13983,8851,308
The Jungle,3.77,148464,7446,21622,309
"A Dance with Dragons (A Song of Ice and Fire, #5)",4.34,702501,26441,23000,310
"A Court of Wings and Ruin (A Court of Thorns and Roses, #3)",4.47,2009375,139708,23017,311
"A Feast for Crows (A Song of Ice and Fire, #4)",4.16,752421,25194,26657,312
Fear and Loathing in Las Vegas,4.07,358660,10097,55632,313
The Things They Carried,4.14,324648,19734,51337,314
As I Lay Dying,3.72,174362,11577,33532,315
The Reader,3.78,217757,13447,23944,316
The Thorn Birds,4.25,355379,8299,111316,317
Frankenstein: The 1818 Text,3.88,1673474,69841,606692,318
"The Shining (The Shining, #1)",4.28,1560776,42317,315507,319
John Adams,4.08,366089,7371,12983,320
"Blood Promise (Vampire Academy, #4)",4.3,318657,11627,92552,321
Foucault’s Pendulum,3.91,71878,4232,14132,322
Something Wicked This Way Comes,3.91,140218,11363,14283,323
11/22/63,4.34,570924,51364,34870,324
"A Great and Terrible Beauty (Gemma Doyle, #1)",3.8,224229,10638,17988,325
On Writing: A Memoir of the Craft,4.34,297775,24738,13503,326
Dandelion Wine,4.09,73246,6703,13814,327
Vanity Fair,3.8,130006,4670,18612,328
Oliver Twist,3.88,403706,11281,87712,329
One Day,3.85,376330,26341,10863,330
The House of the Spirits,4.28,284256,16461,59001,331
Blindness,4.17,305198,25535,62343,332
"Clockwork Prince (The Infernal Devices, #2)",4.42,564674,32392,73506,333
The Time Traveler’s Wife,4.0,1813632,54658,698868,334
"Angela’s Ashes (Frank McCourt, #1)",4.15,639402,14703,306308,335
"Cannery Row (Cannery Row, #1)",4.06,143088,8131,18027,336
None of This Is True,4.11,708131,74358,14712,337
"Killing Sarai (In the Company of Killers, #1)",4.08,32440,3115,12912,338
"Think Twice (Myron Bolitar, #12)",4.31,29462,2364,14497,339
"You Are Special (Wemmicksville, #1)",4.45,52951,1518,16170,340
Pericles and Aspasia: A Story of Ancient Greece,4.29,16113,70,16506,341
The Prophet,4.23,308678,15318,93497,342
Watchers,4.19,166994,5275,13347,343
Never Lie,4.09,858354,71025,14248,344
No Country for Old Men,4.16,214570,13349,17227,345
The Invention of Hugo Cabret,4.22,185704,16479,11229,346
"Artemis Fowl (Artemis Fowl, #1)",3.86,552664,13954,25785,347
Love in the Time of Cholera,3.94,517918,28688,115429,348
Tender Is the Night,3.78,140927,7326,9844,349
"Silence (Hush, Hush, #3)",4.07,287796,9311,17071,350
In Cold Blood,4.09,682357,25384,140945,351
Catch-22,3.99,846751,24645,443350,352
A Moveable Feast,4.02,156438,11692,8880,353
The Trigger: Hunting the Assassin Who Brought the World to War,3.81,3983,303,11723,354
We Have Always Lived in the Castle,3.93,250301,29149,14318,355
The Art of War,3.95,515044,20311,16658,356
"Sabriel (Abhorsen,  #1)",4.17,212136,10178,17306,357
"The Millennium Trilogy (Millennium Trilogy, #1-3)",4.47,56283,1935,9348,358
"The High Auction (Wisdom Revolution, #1)",4.71,15219,1985,9609,359
"The Last Unicorn (The Last Unicorn, #1)",4.16,114723,6930,16517,360
"Miss Peregrine's Home for Peculiar Children (Miss Peregrine's Peculiar Children, #1)",3.92,1297020,67627,30629,361
"Ella Enchanted (Ella Enchanted, #1)",4.01,417331,12686,60754,362
The Importance of Being Earnest,4.17,381242,15187,106440,363
The Count of Monte Cristo,4.31,944704,33783,163090,364
The 5 Love Languages: The Secret to Love that Lasts,4.27,446897,17950,9160,365
Marked by Magic (Tracking Trouble #1),4.33,4444,172,9516,366
"Captive in the Dark (The Dark Duet, #1)",3.94,73956,6508,16178,367
Dark Places,3.95,781103,46195,21263,368
Misery,4.23,769790,29811,81089,369
"Lonesome Dove (Lonesome Dove, #1)",4.54,204046,13546,126968,370
"The Pillars of the Earth (Kingsbridge, #1)",4.34,784076,38877,427383,371
Little Women,4.16,2305196,55940,682502,372
The Poisonwood Bible,4.1,760254,28899,291526,373
"A Study in Scarlet (Sherlock Holmes, #1)",4.14,462109,18400,9361,374
Tales of Old: Greek Mythology: Volume 1,4.36,254,17,11686,375
A Midsummer Night’s Dream,3.94,553093,13567,98963,376
Atlas Shrugged,3.69,395891,20560,259783,377
We Were Liars,3.66,1205124,116579,25890,378
Watchmen,4.38,570306,17972,131668,379
The Fall,4.04,115221,7231,9576,380
"Scythe (Arc of a Scythe, #1)",4.32,348467,49348,10904,381
We Need to Talk About Kevin,4.08,200852,17785,15790,382
"The Amber Spyglass (His Dark Materials, #3)",4.1,367976,13792,30963,383
The Prince of Tides,4.25,211393,5457,39807,384
"Inferno (Robert Langdon, #4)",3.89,565752,39691,14812,385
Final Girls,3.83,213824,24255,14173,386
I Capture the Castle,3.99,108228,11186,16500,387
The Crucible,3.6,425906,13025,64798,388
The Shipping News,3.88,148233,6336,24823,389
Illusions: The Adventures of a Reluctant Messiah,4.15,64947,2968,9517,390
"Fifty Shades Darker (Fifty Shades, #2)",3.83,935346,31123,40062,391
Walden,3.78,194186,8189,43208,392
The Complete Stories and Poems,4.4,281352,3367,305462,393
"Champion (Legend, #3)",4.31,223705,19907,13345,394
The Hours,3.95,144101,6826,16155,395
Snow Flower and the Secret Fan,4.09,377519,20195,25943,396
Do Androids Dream of Electric Sheep?,4.09,470854,21194,40462,397
"The Lion, the Witch and the Wardrobe (Chronicles of Narnia, #1)",4.24,2898325,35563,154212,398
Orlando,3.87,100171,9066,11020,399
"Consequences (Consequences, #1)",3.92,42779,5905,13725,400
"Heartstopper: Volume One (Heartstopper, #1)",4.45,784177,77673,15855,401
The Scarlet Letter,3.43,882128,21460,138651,402
"Truth (Consequences, #2)",4.34,32493,3107,13581,403
The Holy Bible: King James Version,4.44,298252,8866,14033,404
I Am Legend and Other Stories,4.0,133213,5870,14512,405
"Marked (House of Night, #1)",3.81,506431,16713,56706,406
A Confederacy of Dunces,3.89,282905,19500,67075,407
Number the Stars,4.19,584881,17128,38825,408
Romeo and Juliet,3.74,2671890,33830,889996,409
I'll Give You the Sun,4.16,344087,32625,17466,410
I Am the Messenger,4.03,164220,16437,10166,411
"Oedipus Rex  (The Theban Plays, #1)",3.72,223514,6860,13884,412
"Crown of Midnight (Throne of Glass, #2)",4.35,1275171,95826,28736,413
"The Adventures of Sherlock Holmes (Sherlock Holmes, #3)",4.3,309943,9917,432488,414
The Lovely Bones,3.86,2395978,47710,562447,415
"The House in the Cerulean Sea (Cerulean Chronicles, #1)",4.39,731610,115022,12508,416
"Living Dead in Dallas (Sookie Stackhouse, #2)",3.96,257355,7815,10986,417
The Origin of Species,4.01,117025,3262,28438,418
The Thirteenth Tale,3.98,318722,27189,46953,419
"Harry Potter and the Prisoner of Azkaban (Harry Potter, #3)",4.58,4397048,89872,544272,420
"84, Charing Cross Road",4.16,87392,14106,9631,421
Let the Right One In,4.04,114786,7913,10010,422
"Shadowfever (Fever, #5)",4.39,110574,7319,13080,423
"The Silver Chair (Chronicles of Narnia, #4)",3.96,309062,9368,15050,424
The Elephant Tree,3.75,29135,436,53934,425
Wuthering Heights,3.89,1879358,67239,1186543,426
"Faust, First Part",3.86,127697,4875,25226,427
"Crescendo (Hush, Hush, #2)",3.98,328759,13022,29520,428
The Shack: Where Tragedy Confronts Eternity,3.83,663762,36136,55597,429
The Drowning Woman,4.06,103141,9729,13154,430
Before I Fall,3.89,341062,22097,15024,431
العصبي,4.61,2779,363,19452,432
Mystic River,4.17,149680,5331,20664,433
The Giving Tree,4.38,1163016,22910,1192209,434
Cutting for Stone,4.32,401563,30171,17429,435
The Virgin Suicides,3.79,365669,26404,28145,436
V for Vendetta,4.26,313894,7418,38270,437
And Then There Were None,4.28,1439925,70459,345919,438
Alice in Wonderland,4.03,392799,5626,90829,439
Swan Song,4.29,70747,5177,11261,440
"Call Me By Your Name (Call Me By Your Name, #1)",4.1,530057,48840,17213,441
Like Water for Chocolate,3.95,374517,14486,29415,442
Never Let Me Go,3.85,745040,58897,50360,443
"Club Dead (Sookie Stackhouse, #3)",4.02,240329,6225,11106,444
If We Were Villains,4.14,322931,59384,12032,445
The Metamorphosis,3.88,1199995,51037,178872,446
The Secret Garden,4.16,1213570,30500,696753,447
Memoirs of a Geisha,4.15,2038634,37115,946528,448
Angle of Repose,4.24,60180,5362,11015,449
The History of Love,3.92,137587,12498,13754,450
The Woman in White,4.01,158263,10361,20406,451
Everything is Illuminated,3.89,181486,8854,21075,452
Room,4.08,815566,51286,31161,453
Beowulf,3.49,325044,11991,37328,454
Heidi,4.03,203873,6610,46965,455
"The Last Olympian (Percy Jackson and the Olympians, #5)",4.55,1057467,45387,160624,456
"Dreamfever (Fever, #4)",4.38,103874,5362,9213,457
The English Patient,3.86,134711,6258,30326,458
"Harry Potter and the Goblet of Fire (Harry Potter, #4)",4.57,3858858,74088,284546,459
All the King's Men,4.09,64529,3376,14739,460
The Blind Assassin,3.96,158464,9822,12605,461
The Woman in Cabin 10,3.73,659307,44782,10430,462
Mistress Suffragette,4.29,4590,105,11360,463
"Left Behind (Left Behind, #1)",3.86,237796,4580,13280,464
"Holes (Holes, #1)",4.0,1254087,27873,144060,465
Water for Elephants,4.11,1646955,63589,502405,466
"Red, White & Royal Blue",4.07,1083598,119984,25258,467
Native Son,4.03,100820,5185,13586,468
"Assassin's Apprentice (Farseer Trilogy, #1)",4.18,347592,19411,13812,469
"The Wise Man’s Fear (The Kingkiller Chronicle, #2)",4.55,578646,28605,46625,470
"Shiver (The Wolves of Mercy Falls, #1)",3.76,487051,25270,57131,471
A Million Little Pieces,3.69,256959,12759,8923,472
American Psycho,3.81,329916,21389,37503,473
Blood River: A Journey to Africa’s Broken Heart,3.98,11608,850,50315,474
"Ender’s Game (Ender's Saga, #1)",4.31,1408672,51091,789415,475
"Divergent (Divergent, #1)",4.14,4114809,123259,960477,476
"Anne of Avonlea (Anne of Green Gables, #2)",4.22,208164,10452,17885,477
Around the World in Eighty Days,3.94,259101,12012,11178,478
"The Girl in the Eagle's Talons (Millennium, #7)",3.43,15748,1745,12141,479
"Pippi Longstocking (Pippi Långstrump, #1)",4.15,203143,5424,27038,480
"Harry Potter Series Box Set (Harry Potter, #1-7)",4.74,292928,8471,36480,481
The Complete Calvin and Hobbes,4.81,40983,1210,55267,482
"The Hitchhiker’s Guide to the Galaxy (Hitchhiker's Guide to the Galaxy, #1)",4.23,1899102,48894,840666,483
Freakonomics: A Rogue Economist Explores the Hidden Side of Everything,4.01,866390,19664,12058,484
Brideshead Revisited,4.0,118454,7545,19556,485
"Daughter of Smoke & Bone (Daughter of Smoke & Bone, #1)",3.99,375897,34792,27794,486
The Canterbury Tales,3.52,227608,4601,78053,487
Shutter Island,4.12,203268,11402,24323,488
"Dome: Rebellion (Dome, #1)",4.45,372,46,15634,489
The Complete Poems of Emily Dickinson,4.28,101065,1645,20093,490
The Remains of the Day,4.14,321307,26136,31020,491
Gone with the Wind,4.31,1236285,25690,1173605,492
"Antigone (The Theban Plays, #3)",3.67,161048,7024,10967,493
Of Human Bondage,4.15,58593,4249,19443,494
Dracula,4.02,1329456,50923,815838,495
An Abundance of Katherines,3.51,537061,28366,10720,496
Breakfast at Tiffany’s and Three Stories,3.85,246532,13716,28298,497
"The Other Boleyn Girl (The Plantagenet and Tudor Novels, #9)",4.08,503487,18060,69236,498
The Iliad,3.91,471226,13344,12389,499
Howards End,3.96,91568,4531,10307,500
"The Hunger Games Trilogy Boxset (The Hunger Games, #1-3)",4.49,225788,7551,98558,501
The Adventures of Tom Sawyer,3.92,961654,14583,158919,502
Brave New World,3.99,1923362,51278,744653,503
Between Shades of Gray,4.37,254235,27994,9767,504
Persuasion,4.15,724388,35271,25291,505
The Color Purple,4.27,710185,27924,395362,506
The Omnivore's Dilemma: A Natural History of Four Meals,4.18,206753,14368,10555,507
"Worm Holes (Quantum Roots, #2)",4.34,2113,43,10073,508
The Shards,4.0,30203,4460,13203,509
"Where She Went (If I Stay, #2)",3.97,299226,21471,13750,510
"Into the Wild (Warriors, #1)",4.31,110361,9536,14327,511
"The Unbecoming of Mara Dyer (Mara Dyer, #1)",4.02,186820,19845,17071,512
انتحار فاشل,4.57,3179,422,19843,513
"Flowers in the Attic (Dollanganger, #1)",3.85,222584,13436,29812,514
The Plague,4.02,279199,16581,30538,515
I Know This Much Is True,4.21,316095,10566,48568,516
"Wonder (Wonder, #1)",4.37,1123802,77424,49965,517
"City of Fallen Angels (The Mortal Instruments, #4)",4.07,615867,28347,64099,518
All Quiet on the Western Front,4.09,478197,19504,130041,519
Perfume: The Story of a Murderer,4.04,496059,28042,140968,520
1984,4.19,4849444,126468,684411,521
"Dead as a Doornail (Sookie Stackhouse, #5)",4.01,220927,4554,9220,522
Hamlet,4.02,984776,24265,43408,523
"Winnie-the-Pooh (Winnie-the-Pooh, #1)",4.38,471244,10536,253571,524
Green Eggs and Ham,4.31,798602,11802,558690,525
"A Time to Kill (Jake Brigance, #1)",4.12,810289,7310,39071,526
The Monster at the End of this Book,4.46,125856,3433,39907,527
"Kane & Abel (Kane & Abel, #1)",4.34,125086,6189,9481,528
"The Witching Hour (Lives of the Mayfair Witches, #1)",4.1,120050,5267,19438,529
A Portrait of the Artist as a Young Man,3.64,155942,8185,35448,530
Love You Forever,4.37,240973,6229,36829,531
"Foundation (Foundation, #1)",4.17,557888,17571,49396,532
Speak,4.05,606509,32187,56802,533
A Clockwork Orange,4.0,731864,22119,341633,534
"Tears of Tess (Monsters in the Dark, #1)",4.0,41189,4015,12567,535
"Finale (Hush, Hush, #4)",4.12,179863,9670,10047,536
Sarah's Key,4.18,482138,31660,17968,537
"Keeper of the Lost Cities (Keeper of the Lost Cities, #1)",4.41,87710,9032,10472,538
The Trial,3.95,348057,16787,71303,539
Of Mice and Men,3.89,2632958,56612,781638,540
"Specials (Uglies, #3)",3.76,196172,8964,9350,541
The 7 Habits of Highly Effective People: Powerful Lessons in Personal Change,4.16,766992,15401,10463,542
"House of Earth and Blood (Crescent City, #1)",4.47,833996,87039,12092,543
The Song of Achilles,4.32,1652855,177605,110509,544
The Nightingale,4.63,1562481,127998,24242,545
"The Tales of Beedle the Bard (Hogwarts Library, #3)",4.04,497720,19104,25102,546
"Haunting Adeline (Cat and Mouse, #1)",3.96,610838,71042,10672,547
No One Can Know,3.68,57225,6337,15162,548
زندگی مه آلود پریا,3.33,1027,122,30907,549
"Are You There God? It’s Me, Margaret",3.94,245934,12615,45077,550
"Fallen (Fallen, #1)",3.72,597368,22337,68153,551
Atonement,3.94,534330,23979,105934,552
"Carry On (Simon Snow, #1)",4.17,321132,37617,14808,553
Travels with Charley: In Search of America,4.08,98874,7727,8890,554
The Immortal Life of Henrietta Lacks,4.12,757225,42032,8917,555
Pretty Girls,4.03,509374,49104,18504,556
"City of Glass (The Mortal Instruments, #3)",4.27,981668,35403,21698,557
Fried Green Tomatoes at the Whistle Stop Cafe,4.28,313879,10715,42616,558
"Clockwork Angel (The Infernal Devices, #1)",4.31,847563,43810,199223,559
Tess of the D’Urbervilles,3.83,290438,12345,95434,560
"The Hero of Ages (Mistborn, #3)",4.54,472471,35216,12389,561
Still Alice,4.32,347942,30931,10511,562
"Glass Houses (The Morganville Vampires, #1)",3.92,102115,5356,11015,563
Verity,4.31,3072517,259758,15231,564
North and South,4.15,174270,10677,19722,565
"The Giver (The Giver, #1)",4.12,2585519,82140,587438,566
Waiting for Godot,3.84,208403,9523,24765,567
"Gabriel's Inferno (Gabriel's Inferno, #1)",3.98,159538,9014,9058,568
"The Dark Tower (The Dark Tower, #7)",4.28,178555,7942,12927,569
Invisible Monsters,4.0,147375,7487,14555,570
Look Closer,4.2,76753,9525,14557,571
The Secret Life of Bees,4.09,1314041,36679,188833,572
Jane Eyre,4.15,2160507,69405,1080160,573
"The Bean Trees (Greer Family, #1)",4.0,163329,8327,15171,574
"The Devil in the White City: Murder, Magic, and Madness at the Fair That Changed America",4.0,707606,41817,25852,575
"The Mark of Athena (The Heroes of Olympus, #3)",4.47,629249,27481,47338,576
"The Golden Compass (His Dark Materials, #1)",4.03,1557344,28615,317911,577
"The Good Earth (House of Earth, #1)",4.01,253534,11993,90980,578
"The Golden Lily (Bloodlines, #2)",4.31,119947,6922,8879,579
Survivor,3.93,120413,4377,9732,580
"The Bronze Horseman (The Bronze Horseman, #1)",4.29,89046,9408,16374,581
Sharp Objects,4.01,1107368,71037,25741,582
"Blood Meridian, or, the Evening Redness in the West",4.16,181264,18628,29728,583
"Guilty Pleasures (Anita Blake, Vampire Hunter, #1)",4.02,150360,6613,8869,584
Starship Troopers,4.01,233918,7820,13943,585
"Poison Study (Study, #1)",4.09,170110,14203,14158,586
"City of Heavenly Fire (The Mortal Instruments, #6)",4.39,395817,28793,30367,587
Marley and Me: Life and Love With the World’s Worst Dog,4.14,473040,15153,59043,588
"Harry Potter and the Sorcerer’s Stone (Harry Potter, #1)",4.47,10485720,172072,621552,589
"Interview with the Vampire (The Vampire Chronicles, #1)",4.02,610985,18438,301482,590
"Not Forever, But For Now",3.1,4065,717,14601,591
"Dragonfly in Amber (Outlander, #2)",4.34,366745,18055,29379,592
"Jurassic Park (Jurassic Park, #1)",4.11,987408,22003,81993,593
The Red Tent,4.2,610544,22676,185595,594
The Alchemist,3.91,3215654,128501,923418,595
The Paris Apartment,3.65,596112,50186,12628,596
Stoner,4.34,187765,22741,10307,597
"The Blood of Olympus (The Heroes of Olympus, #5)",4.43,353673,24376,13729,598
"The Bourne Identity (Jason Bourne, #1)",4.05,435692,5557,13853,599
The Only One Left,4.14,371964,50385,15309,600
"The Host (The Host, #1)",3.86,1022751,44428,26376,601
"I Know Why the Caged Bird Sings (Maya Angelou's Autobiography, #1)",4.3,546688,17229,26557,602
For Whom the Bell Tolls,3.98,301369,9580,55153,603
Infinite Jest,4.25,94941,11721,27458,604
The Grapes of Wrath,4.01,933959,25518,33464,605
The Unbearable Lightness of Being,4.11,495038,27874,148520,606
The Westing Game,4.0,220450,14945,16813,607
The Graveyard Book,4.16,552985,41243,40955,608
"The Way of Kings (The Stormlight Archive, #1)",4.66,545907,41223,55929,609
"Murder on the Orient Express (Hercule Poirot, #10)",4.2,657796,43051,97093,610
The Tell-Tale Heart and Other Writings,4.19,241791,1700,33681,611
"The Murder of Roger Ackroyd (Hercule Poirot, #4)",4.27,295632,24876,12429,612
The Book of Mormon: Another Testament of Jesus Christ,4.23,87697,6642,11746,613
A People’s History of the United States: 1492 - Present,4.08,250001,7372,13581,614
"Chosen (House of Night, #3)",3.91,248726,5047,19899,615
The Hotel New Hampshire,3.93,66690,2182,9307,616
Nausea,3.94,125690,6475,9399,617
Exodus,4.34,100247,2249,9594,618
"The Restaurant at the End of the Universe (The Hitchhiker's Guide to the Galaxy, #2)",4.2,298914,9286,10133,619
"The Assassin's Blade (Throne of Glass, #0.1-0.5)",4.22,788213,73009,10225,620
"The Hunger Games (The Hunger Games, #1)",4.34,9025763,226700,3945693,621
"Halfway to the Grave (Night Huntress, #1)",4.13,160512,8766,17408,622
The Jungle Books,4.01,88029,1365,10804,623
"P.S. I Love You (P.S. I Love You, #1)",4.03,386746,9986,15346,624
A Tree Grows in Brooklyn,4.3,480511,28807,344793,625
"Delirium (Delirium, #1)",3.95,471761,29016,51591,626
"The Bone Collector (Lincoln Rhyme, #1)",4.2,183194,3866,18158,627
To Kill a Mockingbird,4.26,6371850,122063,2478181,628
The Perks of Being a Wallflower,4.23,1864026,97056,1116442,629
"Lamb: The Gospel According to Biff, Christ’s Childhood Pal",4.23,176634,13265,47645,630
The Screwtape Letters,4.27,468130,17462,64493,631
Jonathan Livingston Seagull,3.86,258684,11520,86663,632
The Very Hungry Caterpillar,4.33,522284,10872,159784,633
The Bell Jar,4.06,1044793,65856,482317,634
"The Chronicles of Narnia (The Chronicles of Narnia, #1-7)",4.28,671435,12912,1467745,635
"Prodigy (Legend, #2)",4.22,269789,19968,12000,636
From the Mixed-Up Files of Mrs. Basil E. Frankweiler,4.16,213982,9372,12902,637
The Republic,3.96,210680,6039,22282,638
"Allegiant (Divergent, #3)",3.6,1085325,72326,36872,639
The Velveteen Rabbit,4.31,263001,5140,72365,640
"The Clan of the Cave Bear (Earth's Children, #1)",4.09,272618,8354,79702,641
Alice’s Adventures in Wonderland / Through the Looking-Glass,4.06,579271,16321,971555,642
Anna Karenina,4.09,873158,37606,381449,643
The Phantom Tollbooth,4.2,293815,13861,90357,644
Uncle Tom’s Cabin,3.91,232324,10187,50628,645
High Fidelity,3.91,206724,8536,25131,646
"Unwind (Unwind, #1)",4.17,236778,23272,19663,647
"The 5th Wave (The 5th Wave, #1)",4.01,465704,32036,21599,648
Steppenwolf,4.13,194511,8890,32779,649
"City of Lost Souls (The Mortal Instruments, #5)",4.21,544652,24865,46000,650
"Twilight (The Twilight Saga, #1)",3.66,6813380,135857,1703913,651
"The Hunt for Red October (Jack Ryan, #3)",4.11,379559,4285,9925,652
Chasing the Devil: The Search for Africa's Fighting Spirit,4.13,1905,205,10387,653
Redeeming Love,4.51,337947,19653,23838,654
"Matched (Matched, #1)",3.62,795022,36536,25518,655
Candide,3.76,284162,12299,47642,656
The Martian Chronicles,4.15,270080,11858,33752,657
Naked Lunch,3.46,93904,5163,10588,658
"Cinder (The Lunar Chronicles, #1)",4.13,956896,72000,74114,659
"Catching Fire (The Hunger Games, #2)",4.33,3738075,129766,118934,660
"The Red Pyramid (The Kane Chronicles, #1)",4.1,406712,16620,17569,661
The Pearl,3.54,247556,13403,21932,662
What Lies in the Woods,3.96,153934,16746,20058,663
Pet Sematary,4.07,627864,27194,25680,664
"Fire (Graceling Realm, #2)",4.1,189494,12371,10506,665
"Crank (Crank, #1)",4.16,149319,9541,8950,666
Cold Sassy Tree,4.02,104192,4603,9325,667
Because of Winn-Dixie,4.09,264399,11723,10981,668
"Darkfever (Fever, #1)",4.06,184440,12414,13183,669
Murder on Family Grounds (Mary Wandwalker #3),4.31,14972,22,13832,670
Gray After Dark,4.24,33403,3119,15498,671
"Scarlet (The Lunar Chronicles, #2)",4.24,435047,40218,16590,672
A Walk to Remember,4.2,821171,17385,112956,673
"The Reckoning (Darkest Powers, #3)",4.18,117591,3842,9373,674
How to Win Friends & Influence People,4.22,1036992,26451,12278,675
"1Q84 (1Q84, #1-3)",3.95,322075,25347,15101,676
Emma,4.05,914007,35689,23135,677
Kafka on the Shore,4.13,496189,40744,54491,678
The Addiction Manifesto,4.8,1209,52,115064,679
J.R.R. Tolkien 4-Book Boxed Set: The Hobbit and The Lord of the Rings,4.61,137136,2335,1543156,680
Normal People,3.81,1545151,152974,13876,681
Gravity’s Rainbow,4.01,45287,4418,14293,682
"Prince Caspian (Chronicles of Narnia, #2)",3.98,453426,12805,14681,683
The Three Witches and the Master,0.0,0,0,10039,684
Anthem,3.61,159535,11786,11908,685
"The Cat in the Hat (The Cat in the Hat, #1)",4.19,555446,7341,131391,686
"The Return of the King (The Lord of the Rings, #3)",4.57,947367,20514,22937,687
"Confessions of a Shopaholic (Shopaholic, #1)",3.7,772575,14274,11215,688
"Magical Midlife Awakening (Leveling Up, #9)",4.62,9206,597,13927,689
"The Lord of the Rings (Middle Earth, #2-4)",4.53,693181,15167,60469,690
How the Grinch Stole Christmas!,4.38,423872,4760,109770,691
"Outlander (Outlander, #1)",4.26,1090945,55600,396977,692
The Odyssey,3.81,1115093,20872,613131,693
The Very Secret Society of Irregular Witches,4.09,232240,37623,12365,694
Victor's Blessing,4.34,6410,52,8870,695
The Ocean at the End of the Lane,4.02,638674,61358,14550,696
The Firm,4.06,631341,3964,30420,697
The Martian,4.42,1171369,90422,44577,698
Matilda,4.33,1002779,24464,471011,699
"The Voyage of the Dawn Treader (Chronicles of Narnia, #3)",4.09,482101,11743,24078,700
The Merchant of Venice,3.78,193144,6004,14800,701
"The Eden Paradox (Eden Paradox, #1)",4.22,16164,210,10002,702
War and Peace,4.16,340264,18315,37020,703
"Vampire Academy (Vampire Academy, #1)",4.11,659194,27255,312191,704
The Road,3.99,946678,63560,335129,705
"The Selection (The Selection, #1)",4.08,1627431,82431,92476,706
The Sorrows of Young Werther,3.69,138845,9430,9362,707
"Neuromancer (Sprawl, #1)",3.89,338933,15176,23927,708
Circe,4.23,1155633,113713,28779,709
Cold Mountain,3.89,245544,6738,33537,710
"Walking Disaster (Beautiful, #2)",4.15,200804,12835,9461,711
The Witches,4.18,407285,10844,37577,712
"Last Sacrifice (Vampire Academy, #6)",4.37,292469,12907,67529,713
The Night Before Christmas,4.39,124014,2906,13720,714
Then She Was Gone,4.05,786310,59800,14441,715
"A Court of Mist and Fury (A Court of Thorns and Roses, #2)",4.65,2408920,203875,23408,716
"A Good Girl's Guide to Murder (A Good Girl's Guide to Murder, #1)",4.31,1358108,146083,36374,717
The Girl on the Train,3.96,3056662,130209,24935,718
"Beloved (Beloved Trilogy, #1)",3.96,453052,23192,81439,719
Invisible Man,3.91,192716,8737,53252,720
Wild Swans: Three Daughters of China,4.29,116179,7574,10045,721
Rosencrantz and Guildenstern Are Dead,4.04,90756,2866,12951,722
"Drums of Autumn (Outlander, #4)",4.35,257470,9901,16074,723
A Farewell to Arms,3.82,331629,14868,78587,724
Rebecca,4.25,658239,43459,418624,725
Les Misérables,4.21,812441,23592,933434,726
"Lover Mine (Black Dagger Brotherhood, #8)",4.39,114580,4638,8766,727
"Daughter of the Forest  (Sevenwaters, #1)",4.28,67411,5713,9640,728
"I'd Tell You I Love You, But Then I'd Have to Kill You (Gallagher Girls, #1)",3.84,190982,8597,11786,729
"Storm Front (The Dresden Files, #1)",3.97,361193,21192,12777,730
A Monster Calls,4.35,273640,42798,18117,731
Local Woman Missing,4.14,567124,47437,27417,732
The Iliad / The Odyssey,4.06,78598,1257,72250,733
Lolita,3.88,879999,43368,531506,734
Bridge to Terabithia,4.05,561076,17179,96204,735
Into the Wild,4.01,1121413,29994,53085,736
"The Death Cure (The Maze Runner, #3)",3.78,466685,27838,12167,737
"Wicked Lovely (Wicked Lovely, #1)",3.7,164723,7553,15040,738
The God Delusion,3.9,273005,9779,19697,739
World War Z: An Oral History of the Zombie War,4.02,539952,30568,19978,740
The Historian,3.8,269777,18711,48376,741
"The Girl with the Dragon Tattoo (Millennium, #1)",4.17,3269330,79750,408061,742
A Thousand Splendid Suns,4.44,1595717,81694,723792,743
"Frostbite (Vampire Academy, #2)",4.25,362014,13886,97630,744
"It Ain't Me, Babe (Hades Hangmen, #1)",4.05,54757,5847,12439,745
"Lover Unbound (Black Dagger Brotherhood, #5)",4.31,136799,5556,12546,746
The Aeneid,3.87,134045,4721,11868,747
Possession,3.89,81573,5530,12790,748
"Beautiful Creatures (Caster Chronicles, #1)",3.77,607996,23256,32702,749
"Aristotle and Dante Discover the Secrets of the Universe (Aristotle and Dante, #1)",4.3,632357,75041,38840,750
The Book Thief,4.39,2665939,149990,1858465,751
"The Passage (The Passage, #1)",4.05,216167,21402,10940,752
The War of the Worlds,3.83,325630,13166,20396,753
The Stranger,4.03,1182941,57071,197423,754
The Kite Runner,4.35,3253586,102748,598944,755
King Lear,3.91,225118,7511,51683,756
القرآن الكريم,4.38,69546,3830,33928,757
"The Queen of the Damned (The Vampire Chronicles, #3)",3.92,155834,3425,15186,758
"Bared to You (Crossfire, #1)",4.14,536329,21852,18269,759
Sophie’s Choice,4.17,92319,3134,39949,760
The Hiding Place: The Triumphant True Story of Corrie Ten Boom,4.47,334705,14397,61955,761
Seabiscuit: An American Legend,4.23,164879,5171,13901,762
"The Summoning (Darkest Powers, #1)",4.02,174011,6777,17287,763
Tao Te Ching,4.3,164072,7824,33392,764
The Polar Express,4.32,243306,4185,18078,765
"A Court of Thorns and Roses (A Court of Thorns and Roses, #1)",4.18,3166335,248316,9706,766
"One Fish, Two Fish, Red Fish, Blue Fish",4.18,207838,3436,11355,767
James and the Giant Peach,4.03,487575,9339,48264,768
A Story of Yesterday,4.56,13716,399,144100,769
My Name Is Asher Lev,4.24,42166,3316,10376,770
"The Mortal Instruments Boxed Set: City of Bones; City of Ashes; City of Glass (The Mortal Instruments, #1-3)",4.55,68520,1129,17391,771
"Zen and the Art of Motorcycle Maintenance: An Inquiry Into Values (Phaedrus, #1)",3.78,235432,11065,30636,772
"Cry, the Beloved Country",3.92,76217,4961,18102,773
The Pact,4.03,315631,11944,8742,774
"Kingdom of Ash (Throne of Glass, #7)",4.7,727873,76593,14078,775
Behind Closed Doors,3.98,657777,51263,16112,776
"The Horse and His Boy (Chronicles of Narnia, #5)",3.91,365449,13101,17391,777
"I, Claudius (Claudius, #1)",4.24,68707,3646,21219,778
"Stargirl (Stargirl, #1)",3.77,330569,17020,31621,779
"Legend (Legend, #1)",4.15,542087,38490,42742,780
It's Kind of a Funny Story,4.08,255907,13819,11189,781
"Evermore (The Immortals, #1)",3.59,293988,10642,26770,782
The Secret History,4.17,834400,94701,107130,783
The Fountainhead,3.89,328064,14617,8913,784
"The No. 1 Ladies' Detective Agency (No. 1 Ladies' Detective Agency, #1)",3.81,269277,13564,11679,785
A Little Princess,4.22,312491,10399,77449,786
"Harry Potter and the Half-Blood Prince (Harry Potter, #6)",4.58,3401999,61721,241525,787
Song of Solomon,4.14,117649,6880,11014,788
"Cress (The Lunar Chronicles, #3)",4.41,382100,34758,16911,789
The Haunting of Hill House,3.82,333804,32638,101176,790
"The Battle of the Labyrinth (Percy Jackson and the Olympians, #4)",4.42,1135023,37778,114043,791
"Oh, the Places You’ll Go!",4.37,418570,6611,89780,792
The Yellow Wallpaper and Other Stories,4.08,308358,19049,14463,793
"Obsidian (Lux, #1)",4.14,287830,21284,31787,794
Fangirl,3.95,759566,59322,43374,795
Leaves of Grass,4.12,110857,3911,46297,796
A Prayer for Owen Meany,4.24,326422,16837,220145,797
"A Breath of Snow and Ashes (Outlander, #6)",4.44,182924,7089,12972,798
"Lover Awakened (Black Dagger Brotherhood, #3)",4.43,183206,8083,21933,799
Gulliver’s Travels,3.58,282118,8017,36067,800
On the Road,3.61,422673,20783,146706,801
"A Discovery of Witches (All Souls, #1)",4.02,515522,47185,19879,802
The Cider House Rules,4.16,188856,5370,44576,803
"Fifty Shades of Grey (Fifty Shades, #1)",3.66,2702941,85341,83405,804
The Outsiders,4.13,1418969,50549,692312,805
"Good Girl, Bad Blood (A Good Girl's Guide to Murder, #2)",4.28,606696,65841,10605,806
The Bridges of Madison County,3.7,100529,6538,9911,807
A Room with a View,3.9,189927,9342,20638,808
David Copperfield,4.04,245076,10599,78402,809
Their Eyes Were Watching God,3.98,359726,21777,108154,810
Lord of the Flies,3.7,2994925,59350,906682,811
Turtles All the Way Down,3.88,598282,53893,9313,812
The Glass Menagerie,3.73,136362,3827,15809,813
"Slammed (Slammed, #1)",4.16,404013,26458,16437,814
The Complete Sherlock Holmes,4.5,210128,5209,53623,815
"You (You, #1)",3.96,260301,26305,11936,816
The Wind-Up Bird Chronicle,4.15,294219,21015,59546,817
"A Darker Shade of Magic (Shades of Magic, #1)",4.05,385998,47369,10697,818
The Midnight Library,3.99,1994327,203723,9750,819
"The Goose Girl (The Books of Bayern, #1)",4.14,145311,11161,16386,820
"The Hobbit (The Lord of the Rings, #0)",4.29,4162478,76490,178140,821
Don Quixote,3.9,282547,12831,297861,822
My Sister’s Keeper,4.1,1240992,38525,370969,823
The Agony and the Ecstasy,4.09,91855,2465,12440,824
Christy,4.24,55506,2340,8791,825
"Words of Radiance (The Stormlight Archive, #2)",4.76,390706,25282,19275,826
"Me Before You (Me Before You, #1)",4.26,1691767,98671,46215,827
The Guernsey Literary and Potato Peel Pie Society,4.19,772204,63527,58090,828
The Silmarillion,4.02,307072,14133,72204,829
Three Cups of Tea: One Man's Mission to Promote Peace ... One School at a Time,3.66,358491,24152,17039,830
The Seven Husbands of Evelyn Hugo,4.41,3391163,299209,84071,831
"The Handmaid’s Tale (The Handmaid's Tale, #1)",4.14,2143911,101972,584278,832
The Brothers Karamazov,4.37,345589,20194,359065,833
Hard-Boiled Wonderland and the End of the World,4.12,141666,9083,10969,834
The World According to Garp,4.1,232252,7040,77194,835
The Adventures of Huckleberry Finn,3.83,1286745,21201,559705,836
The Princess Bride,4.27,915985,27438,701051,837
Gift from the Sea,4.14,52967,5373,9542,838
The Namesake,4.02,275003,15498,10310,839
"The Lies of Locke Lamora (Gentleman Bastard, #1)",4.31,309898,21873,15225,840
A Fine Balance,4.37,152954,11570,27974,841
"Bridget Jones’s Diary (Bridget Jones, #1)",3.8,996416,13209,38778,842
The Sun Also Rises,3.79,459924,20590,67982,843
Fahrenheit 451,3.96,2534349,78924,768257,844
A Walk in the Woods: Rediscovering America on the Appalachian Trail,4.06,420268,22844,9458,845
"The Wonderful Wizard of Oz (Oz, #1)",4.0,468895,18163,105280,846
"Harry Potter and the Deathly Hallows (Harry Potter, #7)",4.62,3842409,89799,619231,847
"Hyperion (Hyperion Cantos, #1)",4.27,267318,13888,17278,848
"Fourth Wing (The Empyrean, #1)",4.57,2146347,266704,26795,849
"The Subtle Knife (His Dark Materials, #2)",4.15,443978,13205,28013,850
Eleanor & Park,3.94,1202403,79181,38613,851
Meditations,4.28,276832,15946,10613,852
"The Edge of Never (The Edge of Never, #1)",4.22,149346,11486,10793,853
On Earth We're Briefly Gorgeous,4.04,332401,45627,9062,854
The Magic Mountain,4.13,52129,3941,11359,855
Norwegian Wood,4.0,645064,49894,57216,856
"Night  (The Night Trilogy, #1)",4.38,1281957,39218,22653,857
"I, Robot (Robot, #0.1)",4.21,356649,10820,23603,858
Robinson Crusoe,3.68,314603,10294,31942,859
Stardust,4.1,468470,27340,39933,860
The Once and Future King,4.07,114392,5429,48890,861
"The Name of the Wind (The Kingkiller Chronicle, #1)",4.52,1002408,56637,181788,862
The Zombie Room,3.79,30379,408,55051,863
Dr. Jekyll and Mr. Hyde,3.83,610139,25040,35008,864
"Tempted (House of Night, #6)",3.95,170029,3768,11889,865
The Wasp Factory,3.77,100917,6844,13041,866
"Six of Crows (Six of Crows, #1)",4.48,1019541,110001,135439,867
Jude the Obscure,3.83,73244,4435,10562,868
Twelfth Night,3.96,188282,6422,16996,869
"The Lost Symbol (Robert Langdon, #3)",3.75,622540,30272,23506,870
Houdini Heart,3.84,5489,229,24357,871
"The Well of Ascension (Mistborn, #2)",4.38,520359,33942,9902,872
Looking for Alaska,3.96,1654321,78146,161805,873
"The Eyre Affair (Thursday Next, #1)",3.89,134488,11730,14715,874
Veronika Decides to Die,3.73,228364,11613,12402,875
"Opal (Lux, #3)",4.24,154524,10531,8925,876
Educated,4.47,1633536,116347,12159,877
"The Angel Experiment (Maximum Ride, #1)",4.07,227703,10166,25610,878
Midnight Sun [2008 Draft],4.01,148950,9304,49098,879
"A Clash of Kings  (A Song of Ice and Fire, #2)",4.42,965887,29175,60739,880
"Wizard and Glass (The Dark Tower, #4)",4.26,206174,8385,8895,881
"Linger (The Wolves of Mercy Falls, #2)",3.88,172066,10212,9894,882
Message in a Bottle,3.98,241819,5218,11392,883
The Witch of Blackbird Pond,4.02,155405,7725,11905,884
Lock Every Door,3.9,241430,29061,12268,885
Death of a Salesman,3.58,242486,8460,27339,886
The Night Circus,4.01,1019223,108852,92004,887
"Torment (Fallen, #2)",3.84,238725,8656,18051,888
Holy Bible: New International Version,4.62,90332,3328,10435,889
The Last Thing He Told Me,3.83,1022014,66864,14144,890
Bleak House,4.02,110375,5699,20344,891
Hidden Pictures,4.16,375691,40050,29909,892
The Compleat Works of Wllm Shkspr,4.44,9549,176,108809,893
"A Game of Thrones (A Song of Ice and Fire, #1)",4.44,2572708,66643,685203,894
Othello,3.89,405971,11379,53478,895
Just Listen,4.05,248636,8998,17549,896
"A Canticle for Leibowitz (St. Leibowitz, #1)",3.98,112816,6734,11502,897
Ivanhoe,3.76,96216,3238,11670,898
"Dead to the World (Sookie Stackhouse, #4)",4.12,262710,6384,16528,899
Johnny Got His Gun,4.2,45443,3420,18671,900
Midnight in the Garden of Good and Evil,3.92,279867,13101,28870,901
The Complete Novels,4.57,33555,755,36188,902
Peter Pan,4.04,355551,16931,123279,903
The Waste Land,4.11,55642,1872,22801,904
"The Final Empire (Mistborn, #1)",4.48,768536,60118,47034,905
Thirteen Reasons Why,3.84,991440,57278,77078,906
"Lover Revealed (Black Dagger Brotherhood, #4)",4.28,139511,5307,10885,907
The White Tiger,3.77,195939,13131,11158,908
Head Like a Hole,3.87,5105,729,14624,909
"Wizard's First Rule (Sword of Truth, #1)",4.12,249132,7655,18744,910
My Ántonia,3.83,141169,9505,28917,911
Schindler’s List,4.34,162140,3095,72659,912
"Hush, Hush (Hush, Hush, #1)",3.92,719360,30766,127425,913
"The Silence of the Lambs  (Hannibal Lecter, #2)",4.25,562627,10394,90840,914
Shantaram,4.27,223965,17380,24394,915
The Story of My Life,4.08,148750,3383,11175,916
The Couple Next Door,3.8,631593,41864,15775,917
"Wicked: The Life and Times of the Wicked Witch of the West (The Wicked Years, #1)",3.54,607729,27757,73565,918
"A Storm of Swords (A Song of Ice and Fire, #3)",4.54,807051,26418,84254,919
The Stand,4.35,784490,31164,453540,920
Keep It in the Family,4.09,120388,10665,11531,921
Daisy Jones & The Six,4.2,1627298,189952,17014,922
The Exorcist,4.2,246392,10006,23084,923
The Complete Maus,4.58,231254,15019,42146,924
The God of Small Things,3.96,306975,20231,62342,925
"Dune (Dune, #1)",4.28,1465302,73075,541528,926
"Rubinrot (Edelstein-Trilogie, #1)",4.13,160547,12835,11327,927
"Brisingr (The Inheritance Cycle, #3)",4.1,389216,11360,32413,928
Girl with a Pearl Earring,3.93,750553,12999,60502,929
The Master and Margarita,4.29,374278,22903,177018,930
"Graceling (Graceling Realm, #1)",4.07,469503,27631,45329,931
A Winter Grave,4.08,8026,560,12189,932
Stranger in a Strange Land,3.92,317715,10390,53665,933
We,3.89,101537,7950,8873,934
"Forrest Gump (Forrest Gump, #1)",4.02,69958,3357,9678,935
"Clockwork Princess (The Infernal Devices, #3)",4.56,456921,41036,109962,936
Pale Fire,4.17,52998,4211,9738,937
"The Housemaid's Secret (The Housemaid, #2)",4.23,863877,59279,11432,938
"Sheever's Journal, Diary of a Poison Master",4.32,12671,23,20490,939
Where the Crawdads Sing,4.38,3216220,212537,29511,940
Inferno,4.02,189472,8486,33600,941
"The Big Sleep (Philip Marlowe, #1)",3.95,159864,8279,11497,942
Jitterbug Perfume,4.23,78028,4320,11800,943
Miracle,4.59,291,40,15678,944
"Anna and the French Kiss (Anna and the French Kiss, #1)",3.97,457535,36287,25781,945
"A ​Court of Silver Flames (A Court of Thorns and Roses, #4)",4.47,1483841,129463,15276,946
Dubliners,3.84,162172,9632,22817,947
"Hopeless (Hopeless, #1)",4.24,617641,42517,27786,948
"The Mists of Avalon (Avalon, #1)",4.13,208971,7750,88297,949
The Old Man and the Sea,3.8,1201707,42749,294364,950
"Neverwhere (London Below, #1)",4.17,545157,30649,52220,951
Sophie’s World,3.96,266781,15678,42433,952
Flow Down Like Silver,4.01,4513,231,47789,953
The Three Musketeers,4.09,333007,10054,104852,954
To the Lighthouse,3.8,193148,14549,24120,955
Thus Spoke Zarathustra,4.07,158754,5926,9303,956
Ethan Frome,3.45,130459,7897,9727,957
The Last Song,4.16,561220,13416,30085,958
Coraline,4.12,730254,40383,30695,959
All the Light We Cannot See,4.31,1773966,113413,43242,960
The Long Walk,4.08,200317,13693,13037,961
"Red Dragon (Hannibal Lecter, #1)",4.06,346238,8369,19301,962
The Neverending Story,4.18,207923,10079,88828,963
"Eat, Pray, Love",3.63,1778798,59206,104020,964
Cryptonomicon,4.23,113950,6156,10761,965
"Twenty Thousand Leagues Under the Sea (Captain Nemo, #2)",3.89,261286,10759,13874,966
A Short History of Nearly Everything,4.22,397956,16342,36959,967
"The Son of Neptune (The Heroes of Olympus, #2)",4.41,620247,26495,47372,968
"The Little House Collection (Little House, #1-9)",4.35,154632,2489,127541,969
Where the Wild Things Are,4.25,1022112,14247,564073,970
"An Ember in the Ashes (An Ember in the Ashes, #1)",4.25,310321,36894,10813,971
Sapiens: A Brief History of Humankind,4.35,1101153,56212,16481,972
"The Power of One (The Power of One, #1)",4.35,90738,6040,36520,973
Fahrenheit 451,3.96,2534349,78924,249337,974
"Small Gods (Discworld, #13)",4.32,125700,4938,10616,975
"Winter (The Lunar Chronicles, #4)",4.42,291317,32815,9760,976
Project Hail Mary,4.51,670643,83995,10272,977
The Moon Is a Harsh Mistress,4.15,133580,5249,10409,978
The Gargoyle,3.97,49834,6010,8963,979
"The Last Battle (Chronicles of Narnia, #7)",4.01,285952,11126,21300,980
The Marriage Portrait,4.01,165106,16341,10948,981
Middlemarch,4.02,168202,11847,40286,982
The Picture of Dorian Gray,4.13,1634959,78428,1268227,983
The Shell Seekers,4.19,114244,4946,11018,984
A Heartbreaking Work of Staggering Genius,3.69,181877,9923,11997,985
The Goldfinch,3.95,964014,81002,23207,986
"Unbroken: A World War II Story of Survival, Resilience and Redemption",4.39,962440,51785,27204,987
"Shadow Kiss (Vampire Academy, #3)",4.33,371944,13614,108366,988
Great Expectations,3.79,825816,23237,404847,989
"Breaking Dawn (The Twilight Saga, #4)",3.74,1762853,55125,8757,990
Prodigal Summer,4.04,118925,8087,11869,991
Under the Dome,3.92,308095,17693,12188,992
The Prince,3.84,351454,13804,28198,993
"The Secret (The Secret, #1)",3.73,496366,16408,14906,994
The Magus,4.05,60277,4076,12961,995
"Dead Until Dark (Sookie Stackhouse, #1)",3.97,548709,20675,39230,996
"The Ultimate Hitchhiker’s Guide to the Galaxy (Hitchhiker's Guide to the Galaxy, #1-5)",4.38,328953,6510,108486,997
"The Shadow of the Wind (The Cemetery of Forgotten Books, #1)",4.3,663016,54109,153893,998
